<?xml version="1.0" encoding="UTF-8"?>
<project-private xmlns="http://www.netbeans.org/ns/project-private/1">
    <editor-bookmarks xmlns="http://www.netbeans.org/ns/editor-bookmarks/2" lastBookmarkId="0"/>
    <open-files xmlns="http://www.netbeans.org/ns/projectui-open-files/2">
        <group>
            <file>file:/C:/Users/BEAST%20I5/Documents/NetBeansProjects/PlaindromeWordsWebApp/src/java/za/ac/tut/entities/PalindromeChecker.java</file>
            <file>file:/C:/Users/BEAST%20I5/Documents/NetBeansProjects/PlaindromeWordsWebApp/web/index.html</file>
            <file>file:/C:/Users/BEAST%20I5/Documents/NetBeansProjects/PlaindromeWordsWebApp/src/java/za/ac/tut/model/bl/PalinServlet.java</file>
        </group>
    </open-files>
</project-private>
